Unnamed: 0,Title,Unnamed: 2,Subreddit,Year,Era,Upvotes,Rejection,Crisis,Hate,Prescription,Notes
1.0,Are abusive men easy to spot or not?,,PurplePillDebate,2016.0,Legacy,19.0,0,0,0,0,
2.0,Woman thinks her guy friend is being an 'asshole' because he's no longer doing nice things for her after she rejected him.,,TheRedPill,2015.0,Legacy,1363.0,1,0,0,0,
3.0,Language game: Use the imperative form when making plans,,Seduction,2013.0,Legacy,258.0,0,0,0,1,
4.0,How To Not Care What Other People Think Of You,,Seduction,2012.0,Legacy,235.0,0,0,0,1,
5.0,[Quick tip] Why you should be comfortable holding eye contact,,Seduction,2014.0,Legacy,315.0,0,0,0,1,
6.0,"Hitting it off with a girl, feeling you could kiss her, but just can't find a right moment? Try this line.",,Seduction,2013.0,Legacy,1986.0,0,0,0,1,
7.0,TRP's Toxic Terminology,,PurplePillDebate,2014.0,Legacy,24.0,1,0,0,0,Edgecase Prescription
8.0,"Lesbian pro basketball player divorce-raped by ""wife""",,TheRedPill,2015.0,Legacy,449.0,1,0,0,0,
9.0,"Why do so few women/feminists lean in the libertarian direction, considering Ayn Rand was a such a huge influence on it?",,PurplePillDebate,2015.0,Legacy,16.0,0,0,0,0,EdgeCase Rejection
10.0,20 Things I Should Have Known at 20,,Seduction,2012.0,Legacy,725.0,0,0,0,0,EdgeCase Prescription
11.0,"Are men really disadvantaged in the ""Sexual Marketplace""?",,PurplePillDebate,2013.0,Legacy,9.0,0,1,0,0,
12.0,Don't let this take over your life,,Seduction,2016.0,Legacy,483.0,0,0,0,1,
13.0,My friend and I have created a really large guide on how to be more outgoing. What do you think /seduction?,,Seduction,2014.0,Legacy,362.0,0,0,0,1,
14.0,Ice breaking,,TheRedPill,2015.0,Legacy,491.0,0,0,0,0,
15.0,"Why aren't men attracted to the ""bad girl"" like women are attracted to the ""bad boy""?",,PurplePillDebate,2016.0,Legacy,16.0,1,0,0,0,
16.0,I rarely ever show interest in a girl until I know she is interested in me. This narrows down my options; any advice on showing interest/ initiating relationships?,,Seduction,2016.0,Legacy,217.0,0,0,0,0,
17.0,"The difference between a hard ""no"" and ""not right now, give me more time"" from a woman. TRP does not advocate rape.",,PurplePillDebate,2015.0,Legacy,19.0,1,0,0,0,
18.0,Israeli feminists helped kill a bill that could charge women for rape of men because - get this - they're worried about false rape claims.,,TheRedPill,2014.0,Legacy,1032.0,1,0,0,0,
19.0,No one is going to listen to you about TRP,,TheRedPill,2014.0,Legacy,340.0,0,0,0,0,EdgeCase Hate
20.0,I'm scared of sex,,Seduction,2015.0,Legacy,126.0,0,0,0,0,
21.0,They told me I had FIVE MINUTES to live. And that's when I knew what my priorities were.,,TheRedPill,2017.0,Pill,573.0,0,0,0,0,
22.0,True Story. . .Sadly,,Seduction,2020.0,Pill,901.0,0,0,0,0,
23.0,Afraid of being denied? Try this!,,Seduction,2018.0,Pill,345.0,0,0,0,1,
24.0,What would you say is the worst dating advice YOU have been told and why?,,PurplePillDebate,2018.0,Pill,48.0,0,0,0,0,
25.0,How to Take an Effective Tinder Profile Picture,,TheRedPill,2020.0,Pill,353.0,0,0,0,1,
26.0,Gave a girl a compliment at a Party,,Seduction,2019.0,Pill,278.0,0,0,0,0,Edgecase Prescription
27.0,> Incels and insecure Red Pillers,,PurplePillDebate,2020.0,Pill,407.0,0,0,1,0,
28.0,Swedish feminists systematically having sex with underage refugees,,TheRedPill,2017.0,Pill,531.0,0,0,1,0,
29.0,Is it normal for women to quickly change how attracted they are to you?,,Seduction,2018.0,Pill,178.0,1,0,0,0,
30.0,Q4BP: why should I be BP?,,PurplePillDebate,2018.0,Pill,35.0,0,0,0,1,Edge Case Presciption
31.0,24 year old virgin gets attractive girlfriend - My top revelations from 2 years studying dating/seduction,,Seduction,2017.0,Pill,696.0,0,0,0,1,
32.0,You must first be content with yourself before all else.,,TheRedPill,2020.0,Pill,503.0,0,0,0,1,
33.0,"Shortcuts, Self-Improvement, the Present, and You",,TheRedPill,2017.0,Pill,487.0,0,0,0,1,
34.0,The Problem of Marriage,,TheRedPill,2020.0,Pill,335.0,1,0,0,0,
35.0,"LPT: If ur talking to a girl and some other dude approaches to hit on her just interrupt and say “I’m sorry, is this a friend of yours? Hi nice to meet you”",,Seduction,2020.0,Pill,1184.0,0,0,0,1,
36.0,"I quit my job teaching yesterday. Without leadership or integrity, mediocrity rises to the top.",,TheRedPill,2018.0,Pill,862.0,0,0,0,0,
37.0,Would you date and marry a woman who you slept with on the first night you met?,,PurplePillDebate,2018.0,Pill,32.0,0,0,0,0,
38.0,"I have zero sympathy for men who go after wrong girls, then act surprised when they get hurt",,PurplePillDebate,2019.0,Pill,137.0,1,0,0,0,
39.0,Thoughts from the Anger Phase,,TheRedPill,2018.0,Pill,433.0,0,0,0,0,
40.0,What's a life lesson you've acquired from reading this sub?,,PurplePillDebate,2018.0,Pill,36.0,0,0,0,0,
41.0,"“Hey, do you mind watching this for me?”",,Seduction,2021.0,Sigma,1979.0,0,0,0,0,
42.0,Miami Field Report / Feedback,,TheRedPill,2024.0,Sigma,2.0,0,0,0,1,
43.0,I’ve lost more girls to inaction than to overpursuing,,Seduction,2023.0,Sigma,1111.0,0,0,0,1,
44.0,[deleted by user],,Seduction,2021.0,Sigma,593.0,0,0,0,0,
45.0,Men should stop asking women for advice,,PurplePillDebate,2024.0,Sigma,195.0,0,0,0,1,
46.0,Approached two girls at a bar last night and made a fool of myself.,,Seduction,2021.0,Sigma,1397.0,0,0,0,0,
47.0,Those of you who successfully faked it till they made it with confidence. How did you do it?,,Seduction,2024.0,Sigma,243.0,0,0,0,1,
48.0,"if you shame women (not men) with high body counts, you shouldn't complain about 80% of women sleeping with the 20% of men.",,PurplePillDebate,2021.0,Sigma,249.0,1,0,0,0,
49.0,"Despite men and women being roughly equal in population, attractive men are seen as scarce, why is that?",,PurplePillDebate,2021.0,Sigma,169.0,1,0,0,0,
50.0,Men who are unsuccessful with women share two characteristics: they make excuses and self-victimize,,Seduction,2023.0,Sigma,1.0,1,0,0,0,
51.0,The widespread research declaring that women are happier single has long been retracted and refuted by experts as well as the original researcher.,,PurplePillDebate,2023.0,Sigma,144.0,1,0,0,0,
52.0,VRX | Conversation Skills Guide,,TheRedPill,2024.0,Sigma,22.0,0,0,0,1,
53.0,"Women have more freedom than they’ve ever had in history, but they still choose to sell their bodies for income",,PurplePillDebate,2021.0,Sigma,271.0,1,0,0,0,
54.0,"What are your seduction unpopular opinions and hot takes? Things you truly believe, but would get downvted?",,Seduction,2025.0,Sigma,146.0,0,0,0,0,
55.0,Total conviction that you are attractive,,Seduction,2025.0,Sigma,191.0,0,0,0,1,
56.0,Q4M: Can you post examples of photos of an average guy?,,PurplePillDebate,2021.0,Sigma,143.0,0,0,0,0,
57.0,"One of my favorite Blackpill quotes: ""She's not playing hard to get, you're just hard to want"" (Face and LMS)",,AllPillDebate,2023.0,Sigma,43.0,1,0,0,0,
58.0,For people too brain dead to understand what BP actually is.,,AllPillDebate,2023.0,Sigma,40.0,0,0,0,1,
59.0,Woman from r/inceltears admits the truth,,AllPillDebate,2022.0,Sigma,77.0,1,0,0,0,
60.0,Don’t let your personal victories get filed away during periods of self-doubt and insecurity. Always refer back to what makes you unique and feel like a prize,,Seduction,2022.0,Sigma,215.0,0,0,0,1,
61.0,"CMV : The issue with women in media is not that they aren't painted as ""human"" but that they're rarely painted as hypergamous without excusing it as a result of abuse or framing said mate as a complete and utter failure.",,PurplePillDebate,2020.0,Pill,137.0,1,0,0,0,
62.0,How to get your looks fixed,,Seduction,2017.0,Pill,299.0,0,0,0,1,
63.0,"If female hypergamy and pickiness is normal, ""fair"", and shouldn't be shammed, men reacting with anger and misogyny is also completely normal, ""fair"", and shouldn't be shammed.",,PurplePillDebate,2016.0,Legacy,35.0,1,0,0,0,
64.0,The comedy of female hypergamy [NSFW - Nudity]],,TheRedPill,2012.0,Legacy,10.0,1,0,0,0,
65.0,A mutual lie between TRP & TBP: Looks,,PurplePillDebate,2016.0,Legacy,22.0,1,0,0,0,
66.0,The MOST IMPORTANT insight about hypergamy that I ever had,,TheRedPill,2021.0,Sigma,184.0,1,0,0,0,
67.0,Thoughts/examples on Hypergamy,,TheRedPill,2022.0,Sigma,184.0,1,0,0,0,
68.0,A scientific study that actually does provide evidence concerning female hypergamy,,PurplePillDebate,2017.0,Pill,47.0,1,0,0,0,
69.0,"There is no such thing as ""out of your league""",,Seduction,2025.0,Sigma,455.0,0,0,0,1,
70.0,"Women don't understand why promiscuity is undesirable because men who are able to cheat are high-value, whereas all women can cheat and those who do are low-value",,PurplePillDebate,2020.0,Pill,165.0,1,0,0,0,
71.0,How feminists fail to understand masculinity,,TheRedPill,2013.0,Legacy,94.0,1,0,0,0,
72.0,Women's preferences in men wont allow us to reckon with toxic masculinity anytime soon,,PurplePillDebate,2023.0,Sigma,249.0,1,0,0,0,
73.0,Female researcher gets Red-pilled while studying why 25% of men are now childless in Norway -- and it's steadily rising and mostly involuntary,,TheRedPill,2018.0,Pill,983.0,0,1,0,0,
74.0,CMV: Men aren't assholes for treating you different after a rejection,,PurplePillDebate,2023.0,Sigma,341.0,1,0,0,0,
75.0,Premarital sexual history is a better indicator of risk of divorce than age,,PurplePillDebate,2020.0,Pill,147.0,1,0,0,0,
76.0,"Feminism is the dominant ideology of our age, and learning that women are attracted to men who lead them is tantamount to crimethink. It doesn’t matter that it is true; entertaining thoughts which counter feminism is a terrifying prospect.",,TheRedPill,2012.0,Legacy,21.0,1,0,0,0,
77.0,Things My Father Taught Me: Advice for guys raised by single moms,,TheRedPill,2017.0,Pill,1083.0,0,0,0,1,
78.0,Women are the biggest body shamers of women,,PurplePillDebate,2021.0,Sigma,406.0,1,0,0,0,
79.0,Lessons from My Father and RP Parenting,,TheRedPill,2017.0,Pill,661.0,0,0,0,1,
80.0,"Single women are not ""the happiest demographic"". In fact, married women are the happiest women overall.",,PurplePillDebate,2023.0,Sigma,138.0,1,0,0,0,
81.0,"Feminists call for ""vulva diversity"" but shame small dicks in mainstream media",,PurplePillDebate,2024.0,Sigma,261.0,1,0,0,0,
82.0,"Most women aren't “Strongly attracted” to their Boyfriend/Husband sexually, they’re just “Minimally attracted”.",,PurplePillDebate,2020.0,Pill,178.0,1,0,0,0,
83.0,Men are constantly reminded that “women are not a hive mind” yet they consistently demonstrate the exact opposite when it comes to mate selection - they are heavily influenced by their peers and base their opinions of men on what their friends and other women think,,PurplePillDebate,2022.0,Sigma,266.0,1,0,0,0,
84.0,"[X-post from TBP] What do TRPers think about this -study that shows that men and women are equally likely to cheat, power levels being equal?",,PurplePillDebate,2014.0,Legacy,20.0,0,1,0,0,
85.0,Women are hormonally triggered to seek new mates on a 4-year cycle,,TheRedPill,2013.0,Legacy,107.0,1,0,0,0,
86.0,Why do men still have to pay for dates if feminists want equality?,,TheRedPill,2012.0,Legacy,1.0,1,0,0,0,
87.0,"According to a 2020 study, the rate of 18- to 24 year old men who had no sex in the past year jumped from 18.9% in 2002 to 30.9% in 2018, while women's respective rate only went from 15.1% to 19.1%. This confirms the recent trend that women are having more sex with the same men.",,PurplePillDebate,2022.0,Sigma,250.0,0,1,0,0,
88.0,Trickle Down Media Whore,,TheRedPill,2016.0,Legacy,1063.0,0,0,1,0,
89.0,A question regarding alcohol and consent for feminists dating men,,PurplePillDebate,2015.0,Legacy,31.0,0,0,1,0,
90.0,I Married A Slut That Fucks Like A Prude,,TheRedPill,2015.0,Legacy,520.0,0,0,1,0,
91.0,National Geographic Agrees: The Human Alpha Male Is Real,,TheRedPill,2013.0,Legacy,118.0,1,0,0,0,
92.0,Red Pill Aware Beta Males Vs. Red Pill Aware Alpha Males,,TheRedPill,2021.0,Sigma,272.0,0,0,0,1,
93.0,"For those of you looking to learn how to dance with girls... Here's a FREE training series that teaches you step by step how to dance to get more girls! Check it out! FIRST VIDEO REVEALS: Why You're Ruining Your Chances if Your Primary Move Is ""The GRIND""",,Seduction,2015.0,Legacy,326.0,0,0,0,1,
94.0,A practical guide to self discipline by a former army ranger,,TheRedPill,2021.0,Sigma,596.0,0,0,0,1,
95.0,How to talk to anybody (mindset),,Seduction,2018.0,Pill,489.0,0,0,0,1,
96.0,She Comes First - Male Seductive Mindset,,Seduction,2020.0,Pill,607.0,0,0,0,1,
97.0,"1 year, 1000 approaches: Mindset changes",,Seduction,2022.0,Sigma,224.0,0,0,0,1,
98.0,"How to be THAT guy, the social hurricane through mindset",,Seduction,2016.0,Legacy,319.0,0,0,0,1,
99.0,Do women sometimes purposely bend over to grab someone's attention?,,Seduction,2024.0,Sigma,155.0,0,0,0,1,
100.0,How To Cure Yourself Of Autism With A Shamanistic Lifting Ritual,,TheRedPill,2021.0,Sigma,236.0,0,0,1,0,
,Senate passes Bill requiring women to register for the draft,,TheRedPill,,1. Legacy (Foundation/PUA Era),,0,1,0,0,Crisis enrichment — legislative policy framing men as institutionally disadvantaged
,"17 year old girl gets drunk, crashes car, 2 teenage males get Charged With Reckless Endangerment For Allowing Friend To Drive While Intoxicated",,TheRedPill,,1. Legacy (Foundation/PUA Era),,0,1,0,0,Crisis enrichment — legal system framed as treating men more harshly
,#MeToo and the Taboo Topic of Nature,,PurplePillDebate,,2. Ideological Crystallization (The Pill Era),,0,1,0,0,Crisis enrichment — MeToo positioned as anti-male institutional harm
,Unpopular Opinion: I do think the blackpill will get more popular the way western society is headed.,,AllPillDebate,,3. Sigma / Neo-Manosphere (The Mutation),,0,1,0,0,Crisis enrichment — societal decline framing
,"Enjoy the Decline, Brooo!",,TheRedPill,,2. Ideological Crystallization (The Pill Era),,0,1,0,0,"Crisis enrichment — classic Crisis register, society failing men"
,It's actually hilarious how hard Reddit and other Social Media sites tried to silence the BP and completely failed.,,TheRedPill,,3. Sigma / Neo-Manosphere (The Mutation),,0,1,0,0,Crisis enrichment — borderline — platform censorship framing
,Dating as a whole is much easier for women.,,AllPillDebate,,3. Sigma / Neo-Manosphere (The Mutation),,0,1,0,0,Crisis enrichment — borderline — structural disadvantage claim
,Senate passes Bill requiring women to register for the draft,,TheRedPill,,1. Legacy (Foundation/PUA Era),,0,1,0,0,Crisis enrichment — legislative policy framing men as institutionally disadvantaged
,"17 year old girl gets drunk, crashes car, 2 teenage males get Charged With Reckless Endangerment For Allowing Friend To Drive While Intoxicated",,TheRedPill,,1. Legacy (Foundation/PUA Era),,0,1,0,0,Crisis enrichment — legal system framed as treating men more harshly
,#MeToo and the Taboo Topic of Nature,,PurplePillDebate,,2. Ideological Crystallization (The Pill Era),,0,1,0,0,Crisis enrichment — MeToo positioned as anti-male institutional harm
,Unpopular Opinion: I do think the blackpill will get more popular the way western society is headed.,,AllPillDebate,,3. Sigma / Neo-Manosphere (The Mutation),,0,1,0,0,Crisis enrichment — societal decline framing
,"Enjoy the Decline, Brooo!",,TheRedPill,,2. Ideological Crystallization (The Pill Era),,0,1,0,0,"Crisis enrichment — classic Crisis register, society failing men"
,It's actually hilarious how hard Reddit and other Social Media sites tried to silence the BP and completely failed.,,TheRedPill,,3. Sigma / Neo-Manosphere (The Mutation),,0,1,0,0,Crisis enrichment — borderline — platform censorship framing
,Dating as a whole is much easier for women.,,AllPillDebate,,3. Sigma / Neo-Manosphere (The Mutation),,0,1,0,0,Crisis enrichment — borderline — structural disadvantage claim
